Date,Open,High,Low,Close,Adj Close,Volume
2021-01-01,0.181382,0.184246,0.172022,0.175350,0.175350,1122218004
2021-01-02,0.175359,0.184253,0.169233,0.177423,0.177423,1408849504
2021-01-03,0.177382,0.208679,0.173376,0.204995,0.204995,2303857909
2021-01-04,0.205236,0.239661,0.194450,0.224762,0.224762,3260699086
2021-01-05,0.224817,0.264886,0.208454,0.258314,0.258314,4097207384
2021-01-06,0.258549,0.346298,0.256225,0.331898,0.331898,6170988900
2021-01-07,0.332272,0.353344,0.283216,0.299980,0.299980,5149188552
2021-01-08,0.300387,0.320191,0.266476,0.305597,0.305597,4560690774
2021-01-09,0.305611,0.338596,0.296694,0.332973,0.332973,3655608662
2021-01-10,0.332961,0.340394,0.284556,0.304895,0.304895,3732911206
2021-01-11,0.304996,0.304996,0.233033,0.275466,0.275466,4768803200
2021-01-12,0.275249,0.313370,0.265727,0.287003,0.287003,4037298875
2021-01-13,0.286688,0.314465,0.272395,0.313609,0.313609,2656935144
2021-01-14,0.313546,0.323552,0.299800,0.310396,0.310396,2686785564
2021-01-15,0.310554,0.329685,0.280742,0.302530,0.302530,3171984602
2021-01-16,0.302512,0.365411,0.302250,0.352444,0.352444,4476161885
2021-01-17,0.352337,0.395653,0.342834,0.379852,0.379852,5617481334
2021-01-18,0.379735,0.395443,0.366233,0.371428,0.371428,3480282508
2021-01-19,0.371457,0.382987,0.363624,0.369137,0.369137,2957453653
2021-01-20,0.368936,0.376197,0.331958,0.375394,0.375394,3281600988
2021-01-21,0.375449,0.378716,0.301401,0.310209,0.310209,3567902823
2021-01-22,0.310054,0.359159,0.283576,0.349577,0.349577,4066222238
2021-01-23,0.349332,0.357211,0.336701,0.345643,0.345643,2781033956
2021-01-24,0.345586,0.368639,0.338756,0.353881,0.353881,2539663711
2021-01-25,0.353850,0.363512,0.341663,0.343886,0.343886,2339817092
2021-01-26,0.343841,0.349753,0.325815,0.344234,0.344234,2557745015
2021-01-27,0.344218,0.344218,0.305461,0.313080,0.313080,2666764973
2021-01-28,0.313021,0.353483,0.306104,0.346129,0.346129,2863036709
2021-01-29,0.352348,0.366772,0.332015,0.348131,0.348131,3367098095
2021-01-30,0.348078,0.372720,0.337469,0.362619,0.362619,2866173269
2021-01-31,0.362608,0.375405,0.338952,0.344898,0.344898,2455679992
2021-02-01,0.344817,0.417152,0.334194,0.402033,0.402033,3838085989
2021-02-02,0.402952,0.452595,0.388787,0.426247,0.426247,6504904709
2021-02-03,0.425959,0.447355,0.415046,0.441400,0.441400,3648896567
2021-02-04,0.441357,0.447014,0.410158,0.441051,0.441051,3553059568
2021-02-05,0.441142,0.556724,0.439556,0.537874,0.537874,6808411307
2021-02-06,0.537758,0.657628,0.522974,0.627886,0.627886,8109402422
2021-02-07,0.628832,0.702539,0.586949,0.663238,0.663238,11252055620
2021-02-08,0.662380,0.719411,0.634283,0.682511,0.682511,9056514741
2021-02-09,0.682145,0.709040,0.669399,0.703516,0.703516,5885048712
2021-02-10,0.703548,0.943893,0.703548,0.930318,0.930318,12667653585
2021-02-11,0.930823,0.973325,0.871950,0.927741,0.927741,10627183208
2021-02-12,0.927095,0.945056,0.871123,0.925587,0.925587,8035829513
2021-02-13,0.925421,0.949950,0.833003,0.905719,0.905719,7532474270
2021-02-14,0.906330,0.914596,0.815201,0.848419,0.848419,7159401195
2021-02-15,0.847825,0.908158,0.717115,0.861012,0.861012,8979888270
2021-02-16,0.860703,0.904206,0.840923,0.870951,0.870951,6948621246
2021-02-17,0.870910,0.895954,0.826491,0.890920,0.890920,5841828077
2021-02-18,0.890869,0.956904,0.890869,0.914119,0.914119,4918032802
2021-02-19,0.914256,0.943777,0.885282,0.927649,0.927649,4582877243
2021-02-20,0.927462,1.193958,0.916921,1.122958,1.122958,11454890463
2021-02-21,1.121584,1.149899,1.079321,1.100520,1.100520,7042361464
2021-02-22,1.100406,1.134158,0.851531,1.099151,1.099151,10562051439
2021-02-23,1.098769,1.133705,0.824145,0.954709,0.954709,11201900117
2021-02-24,0.954958,1.074832,0.902583,1.051657,1.051657,8481334623
2021-02-25,1.051349,1.172732,1.017986,1.079116,1.079116,8248286269
2021-02-26,1.080828,1.290047,0.995150,1.241105,1.241105,14884142109
2021-02-27,1.242145,1.476653,1.234138,1.324860,1.324860,19141980288
2021-02-28,1.323619,1.361114,1.166092,1.308059,1.308059,15732556180
2021-03-01,1.309792,1.342408,1.239300,1.292388,1.292388,9775330113
2021-03-02,1.293609,1.299627,1.188732,1.225582,1.225582,8118255106
2021-03-03,1.225719,1.263525,1.214234,1.216593,1.216593,4937160429
2021-03-04,1.216445,1.229674,1.069218,1.114868,1.114868,7164490225
2021-03-05,1.114639,1.195125,1.041156,1.168523,1.168523,7325099027
2021-03-06,1.167456,1.180720,1.090132,1.131012,1.131012,5348048001
2021-03-07,1.130849,1.142286,1.108308,1.133367,1.133367,4204795554
2021-03-08,1.132939,1.176217,1.107921,1.118053,1.118053,3557114310
2021-03-09,1.118145,1.214923,1.113320,1.195161,1.195161,5317733185
2021-03-10,1.195103,1.204682,1.123970,1.135003,1.135003,4215428913
2021-03-11,1.134413,1.138250,1.111643,1.124790,1.124790,3633460869
2021-03-12,1.124823,1.128085,1.032750,1.039144,1.039144,4224893051
2021-03-13,1.038894,1.182899,0.993052,1.103314,1.103314,5871086058
2021-03-14,1.102982,1.102982,1.059154,1.059154,1.059154,3738147940
2021-03-15,1.058601,1.068913,1.007628,1.033539,1.033539,4545451677
2021-03-16,1.033242,1.258886,1.004308,1.242953,1.242953,9502962157
2021-03-17,1.243555,1.419344,1.206662,1.378673,1.378673,10046495758
2021-03-18,1.378416,1.473155,1.237366,1.239006,1.239006,11392835545
2021-03-19,1.238559,1.342355,1.196046,1.302170,1.302170,7970282918
2021-03-20,1.301472,1.313273,1.206541,1.206541,1.206541,4316999916
2021-03-21,1.206431,1.244282,1.164746,1.189140,1.189140,4064084727
2021-03-22,1.189203,1.208550,1.089628,1.109874,1.109874,4058067310
2021-03-23,1.109343,1.174177,1.088027,1.121552,1.121552,4609407773
2021-03-24,1.121345,1.163652,1.056555,1.075002,1.075002,3759287517
2021-03-25,1.074466,1.152968,1.055945,1.101574,1.101574,5732698268
2021-03-26,1.101425,1.279076,1.098956,1.213969,1.213969,6325795912
2021-03-27,1.214082,1.236277,1.163149,1.176577,1.176577,3106871131
2021-03-28,1.176820,1.219583,1.169294,1.191124,1.191124,2397009016
2021-03-29,1.190976,1.228019,1.181512,1.202541,1.202541,2554597106
2021-03-30,1.202562,1.233722,1.191645,1.213317,1.213317,2517422843
2021-03-31,1.213675,1.213675,1.167720,1.193264,1.193264,3190463749
2021-04-01,1.193553,1.207719,1.184130,1.189244,1.189244,2309789364
2021-04-02,1.189208,1.245915,1.187607,1.196509,1.196509,2909026267
2021-04-03,1.196326,1.244183,1.171635,1.173277,1.173277,3355350115
2021-04-04,1.172973,1.199748,1.166279,1.191420,1.191420,2166855014
2021-04-05,1.191552,1.226746,1.176512,1.214300,1.214300,2992739340
2021-04-06,1.214279,1.340895,1.195389,1.255354,1.255354,6301229657
2021-04-07,1.255457,1.291087,1.165118,1.175149,1.175149,4771395490
2021-04-08,1.176132,1.223793,1.173156,1.219436,1.219436,2315835365
2021-04-09,1.219454,1.228980,1.194931,1.203540,1.203540,1678933674
2021-04-10,1.203533,1.251920,1.196311,1.218758,1.218758,2481275569
2021-04-11,1.218359,1.292287,1.200776,1.266735,1.266735,3636786443
2021-04-12,1.266206,1.346588,1.265474,1.316127,1.316127,4918248258
2021-04-13,1.314895,1.437677,1.283793,1.411786,1.411786,5896543066
2021-04-14,1.410999,1.557761,1.353006,1.455420,1.455420,9596107541
2021-04-15,1.453804,1.494799,1.415393,1.481588,1.481588,5337358369
2021-04-16,1.479627,1.518984,1.339908,1.416949,1.416949,5692183858
2021-04-17,1.413843,1.456151,1.368059,1.384869,1.384869,4058018560
2021-04-18,1.386181,1.397696,1.098977,1.275501,1.275501,7454680286
2021-04-19,1.278005,1.322387,1.174248,1.197959,1.197959,5665978235
2021-04-20,1.194609,1.280693,1.130647,1.265934,1.265934,4855633658
2021-04-21,1.267735,1.286464,1.200816,1.206735,1.206735,4078624182
2021-04-22,1.203901,1.277444,1.117599,1.147017,1.147017,4693396293
2021-04-23,1.145824,1.165576,0.935227,1.155702,1.155702,7196378408
2021-04-24,1.158783,1.196284,1.096960,1.101355,1.101355,3566224272
2021-04-25,1.102703,1.146124,1.022775,1.088250,1.088250,2465672138
2021-04-26,1.090186,1.249876,1.082105,1.234019,1.234019,3201086934
2021-04-27,1.237595,1.329766,1.224979,1.306927,1.306927,2985492683
2021-04-28,1.305966,1.348198,1.235215,1.335666,1.335666,2981476669
2021-04-29,1.337107,1.410331,1.267940,1.308014,1.308014,3997566407
2021-04-30,1.306196,1.369041,1.287837,1.352449,1.352449,2691072833
2021-05-01,1.352431,1.367415,1.319063,1.353071,1.353071,2030816122
2021-05-02,1.351402,1.354889,1.295577,1.326812,1.326812,1994291746
2021-05-03,1.326938,1.379790,1.322527,1.362030,1.362030,2398404766
2021-05-04,1.362939,1.365681,1.258929,1.274111,1.274111,3342089372
2021-05-05,1.270986,1.493424,1.260830,1.475529,1.475529,4797068103
2021-05-06,1.478110,1.699504,1.433800,1.650124,1.650124,10679657004
2021-05-07,1.648683,1.745329,1.530229,1.653453,1.653453,7324573762
2021-05-08,1.654544,1.654544,1.564084,1.619554,1.619554,3959173109
2021-05-09,1.620347,1.829795,1.575998,1.770562,1.770562,8065503276
2021-05-10,1.766068,1.822609,1.529308,1.644696,1.644696,6463330466
2021-05-11,1.641717,1.778112,1.596676,1.764077,1.764077,5428571805
2021-05-12,1.763505,1.818942,1.552775,1.552775,1.552775,5338469591
2021-05-13,1.568450,1.969934,1.505321,1.933668,1.933668,14513419581
2021-05-14,1.927283,2.042103,1.817152,2.004796,2.004796,7654204713
2021-05-15,2.006624,2.371752,1.966524,2.174027,2.174027,15517858775
2021-05-16,2.171434,2.461766,2.013285,2.309113,2.309113,12524150427
2021-05-17,2.300190,2.325002,1.925520,2.032226,2.032226,11250259740
2021-05-18,2.028103,2.150382,1.979631,2.003662,2.003662,6744829200
2021-05-19,2.006584,2.028092,1.028031,1.482521,1.482521,16313794033
2021-05-20,1.471961,1.943229,1.327412,1.810469,1.810469,11788522531
2021-05-21,1.802594,1.868630,1.326776,1.552277,1.552277,9055414507
2021-05-22,1.553113,1.601020,1.377943,1.463622,1.463622,6572397780
2021-05-23,1.465680,1.539640,1.056036,1.325436,1.325436,9297651823
2021-05-24,1.316236,1.597913,1.270361,1.549485,1.549485,7365907636
2021-05-25,1.550373,1.648563,1.439744,1.555369,1.555369,5723130829
2021-05-26,1.554463,1.832433,1.554463,1.782702,1.782702,6638876193
2021-05-27,1.781137,1.790477,1.612414,1.645960,1.645960,4266751905
2021-05-28,1.650636,1.677707,1.452245,1.511987,1.511987,5373114660
2021-05-29,1.513623,1.561741,1.335859,1.406232,1.406232,3902596499
2021-05-30,1.404303,1.688977,1.351820,1.577279,1.577279,4974774760
2021-05-31,1.575644,1.750620,1.527209,1.742778,1.742778,4491096277
2021-06-01,1.738447,1.779591,1.660549,1.734753,1.734753,4123980990
2021-06-02,1.736103,1.803849,1.719255,1.752824,1.752824,3453620094
2021-06-03,1.754643,1.888650,1.717762,1.840471,1.840471,3443770332
2021-06-04,1.846715,1.848485,1.609734,1.710908,1.710908,4583062567
2021-06-05,1.709916,1.783177,1.611715,1.659009,1.659009,2969362191
2021-06-06,1.656461,1.706524,1.647702,1.678248,1.678248,1748045655
2021-06-07,1.677226,1.740569,1.557106,1.564106,1.564106,2644319967
2021-06-08,1.567051,1.594298,1.402785,1.588030,1.588030,4318242183
2021-06-09,1.583486,1.630414,1.485165,1.624826,1.624826,3551319865
2021-06-10,1.627778,1.635973,1.508578,1.531857,1.531857,2366588153
2021-06-11,1.533137,1.546059,1.420852,1.436378,1.436378,2477031735
2021-06-12,1.437721,1.493530,1.358179,1.480220,1.480220,2801038421
2021-06-13,1.480494,1.578513,1.402935,1.558359,1.558359,2785909000
2021-06-14,1.557019,1.592704,1.510411,1.575110,1.575110,2543903347
2021-06-15,1.573870,1.611401,1.545383,1.597756,1.597756,2553205553
2021-06-16,1.556580,1.575438,1.475047,1.482573,1.482573,2139361752
2021-06-17,1.484558,1.538465,1.459475,1.482194,1.482194,1731974000
2021-06-18,1.482789,1.493233,1.379673,1.415396,1.415396,2128905021
2021-06-19,1.417603,1.442877,1.386422,1.390570,1.390570,1829155405
2021-06-20,1.387408,1.460376,1.308951,1.429188,1.429188,2319196952
2021-06-21,1.427028,1.436257,1.170604,1.177480,1.177480,3987752749
2021-06-22,1.175233,1.263039,1.002985,1.153254,1.153254,5960971784
2021-06-23,1.155804,1.305561,1.111894,1.252896,1.252896,4931021068
2021-06-24,1.251410,1.398589,1.206899,1.356087,1.356087,3368353999
2021-06-25,1.359522,1.392683,1.245304,1.256478,1.256478,4343177013
2021-06-26,1.254301,1.291396,1.198573,1.250440,1.250440,3241467640
2021-06-27,1.251827,1.348168,1.243678,1.335202,1.335202,2371576551
2021-06-28,1.337114,1.349285,1.305406,1.324752,1.324752,2292440816
2021-06-29,1.325513,1.419944,1.320304,1.368437,1.368437,2589787987
2021-06-30,1.372968,1.398117,1.287063,1.383472,1.383472,2591116345
2021-07-01,1.383814,1.383814,1.304074,1.335611,1.335611,2002167965
2021-07-02,1.332942,1.394397,1.286607,1.394397,1.394397,2159409781
2021-07-03,1.394152,1.441714,1.359664,1.406836,1.406836,2028094099
2021-07-04,1.404008,1.493717,1.382153,1.458184,1.458184,1806362471
2021-07-05,1.461221,1.461221,1.379284,1.404898,1.404898,1759460737
2021-07-06,1.404712,1.456887,1.393282,1.418053,1.418053,1477699691
2021-07-07,1.416153,1.440113,1.401327,1.403118,1.403118,1349405773
2021-07-08,1.404964,1.406497,1.320428,1.330146,1.330146,1580104997
2021-07-09,1.327267,1.371523,1.288597,1.349474,1.349474,1566915921
2021-07-10,1.350715,1.364834,1.320597,1.336085,1.336085,1102564201
2021-07-11,1.335172,1.366351,1.324434,1.348145,1.348145,870305644
2021-07-12,1.348264,1.373091,1.292838,1.315099,1.315099,1198732016
2021-07-13,1.313973,1.321124,1.250801,1.265083,1.265083,1243604284
2021-07-14,1.264938,1.287538,1.200443,1.262258,1.262258,1647061755
2021-07-15,1.263694,1.287742,1.207396,1.223192,1.223192,1637907431
2021-07-16,1.225050,1.244133,1.168918,1.173715,1.173715,1626548127
2021-07-17,1.171585,1.193662,1.152655,1.172302,1.172302,1487211065
2021-07-18,1.172851,1.216031,1.170776,1.183698,1.183698,1354296229
2021-07-19,1.181999,1.190931,1.117248,1.121116,1.121116,1061358016
2021-07-20,1.122760,1.134648,1.021433,1.056291,1.056291,1782242052
2021-07-21,1.054299,1.221106,1.038182,1.168098,1.168098,2074843118
2021-07-22,1.170252,1.206679,1.152134,1.186161,1.186161,1494732916
2021-07-23,1.186250,1.207033,1.147738,1.206307,1.206307,1215895311
2021-07-24,1.207072,1.247973,1.199018,1.233497,1.233497,1227752700
2021-07-25,1.233566,1.238433,1.191617,1.228501,1.228501,1036357455
2021-07-26,1.228722,1.399011,1.224362,1.258493,1.258493,3004669560
2021-07-27,1.255928,1.314803,1.215360,1.278446,1.278446,2145865207
2021-07-28,1.280826,1.316583,1.260048,1.283504,1.283504,1793329178
2021-07-29,1.286494,1.299072,1.260992,1.284084,1.284084,1466954743
2021-07-30,1.285791,1.317354,1.250495,1.308952,1.308952,1556740433
2021-07-31,1.309885,1.332403,1.288860,1.322345,1.322345,1312376664
2021-08-01,1.319958,1.386737,1.300270,1.317730,1.317730,1862585305
2021-08-02,1.315770,1.349569,1.296775,1.310068,1.310068,1431593693
2021-08-03,1.309390,1.382737,1.263189,1.365026,1.365026,2100675041
2021-08-04,1.369783,1.392539,1.324366,1.376564,1.376564,1899638009
2021-08-05,1.376939,1.397315,1.340520,1.386145,1.386145,1722512650
2021-08-06,1.386193,1.424119,1.363699,1.401786,1.401786,1882912649
2021-08-07,1.402523,1.484598,1.396750,1.470677,1.470677,2489155525
2021-08-08,1.473097,1.494273,1.408625,1.427830,1.427830,1977739378
2021-08-09,1.426617,1.498564,1.394436,1.477640,1.477640,1821319632
2021-08-10,1.475262,1.699575,1.458569,1.672566,1.672566,3460499377
2021-08-11,1.677949,1.894406,1.670661,1.798038,1.798038,6144078169
2021-08-12,1.795803,1.866757,1.684125,1.823878,1.823878,5590812297
2021-08-13,1.832760,2.145926,1.828374,2.136079,2.136079,7661020085
2021-08-14,2.138287,2.250360,2.093593,2.191687,2.191687,7965959274
2021-08-15,2.189896,2.248431,2.039562,2.169153,2.169153,5964077684
2021-08-16,2.167868,2.195450,2.051724,2.079417,2.079417,4479074279
2021-08-17,2.072315,2.141046,1.912754,1.926601,1.926601,3862425430
2021-08-18,1.924480,2.161289,1.887675,2.108560,2.108560,4919304569
2021-08-19,2.105524,2.449876,2.047941,2.428140,2.428140,8287149082
2021-08-20,2.437795,2.575276,2.378612,2.457702,2.457702,8323304733
2021-08-21,2.457214,2.528989,2.387616,2.435435,2.435435,4710945373
2021-08-22,2.436862,2.718612,2.433664,2.713725,2.713725,6726764969
2021-08-23,2.708616,2.967398,2.693827,2.917386,2.917386,9761269047
2021-08-24,2.920038,2.947403,2.598319,2.721091,2.721091,9395142433
2021-08-25,2.725629,2.795994,2.608796,2.738132,2.738132,6920886097
2021-08-26,2.741166,2.783461,2.473766,2.535528,2.535528,6555135612
2021-08-27,2.531772,2.944447,2.498699,2.944197,2.944197,8077144313
2021-08-28,2.947338,2.948675,2.782474,2.847490,2.847490,5503772825
2021-08-29,2.850029,2.936252,2.730336,2.855986,2.855986,5290685515
2021-08-30,2.850741,2.885242,2.724317,2.733160,2.733160,5221151798
2021-08-31,2.737641,2.877878,2.706473,2.772475,2.772475,5085983512
2021-09-01,2.769947,2.902614,2.726327,2.870767,2.870767,4652638822
2021-09-02,2.869750,3.099186,2.839781,2.963438,2.963438,7376031836
2021-09-03,2.959315,3.029436,2.907606,2.968239,2.968239,5244576777
2021-09-04,2.966390,2.966390,2.810206,2.832807,2.832807,4675923261
2021-09-05,2.831425,2.954971,2.826377,2.910824,2.910824,4259327908
2021-09-06,2.911581,2.926230,2.804009,2.831897,2.831897,4625766871
2021-09-07,2.832807,2.872511,2.040953,2.502491,2.502491,11700337851
2021-09-08,2.506859,2.564514,2.211509,2.474989,2.474989,8032727286
2021-09-09,2.406712,2.621054,2.387085,2.517666,2.517666,6031548418
2021-09-10,2.517666,2.585671,2.302802,2.385911,2.385911,6130460769
2021-09-11,2.385186,2.796062,2.375493,2.633950,2.633950,8670619500
2021-09-12,2.641341,2.783103,2.511185,2.581727,2.581727,8111330870
2021-09-13,2.582778,2.590281,2.315688,2.400663,2.400663,6214066598
2021-09-14,2.403186,2.432490,2.328019,2.395638,2.395638,3934706576
2021-09-15,2.397332,2.578296,2.364347,2.501635,2.501635,4185888557
2021-09-16,2.503889,2.512983,2.383594,2.420969,2.420969,3323103389
2021-09-17,2.418439,2.441715,2.326710,2.346419,2.346419,2448833581
2021-09-18,2.347429,2.435803,2.313549,2.369978,2.369978,2118771218
2021-09-19,2.369956,2.391871,2.265415,2.282299,2.282299,2224777431
2021-09-20,2.283438,2.289793,1.989418,2.063989,2.063989,5935941714
2021-09-21,2.079772,2.224538,1.923280,1.987028,1.987028,6063428617
2021-09-22,1.984266,2.266182,1.970946,2.266182,2.266182,4876595304
2021-09-23,2.259691,2.344563,2.183468,2.330941,2.330941,3463572829
2021-09-24,2.329006,2.344986,2.077399,2.281269,2.281269,6064304812
2021-09-25,2.279395,2.458108,2.241186,2.301541,2.301541,6081076538
2021-09-26,2.302443,2.302443,2.153531,2.208495,2.208495,4143032820
2021-09-27,2.212038,2.271561,2.133972,2.135905,2.135905,2990138100
2021-09-28,2.133217,2.172157,2.030042,2.039139,2.039139,3092923646
2021-09-29,2.039015,2.144665,2.023027,2.065688,2.065688,2869486117
2021-09-30,2.066589,2.134077,2.053454,2.114452,2.114452,2621620164
2021-10-01,2.116249,2.274002,2.096256,2.258127,2.258127,3235813427
2021-10-02,2.254531,2.320416,2.195434,2.251459,2.251459,2911039833
2021-10-03,2.249317,2.307575,2.223882,2.252873,2.252873,2331706759
2021-10-04,2.251848,2.253159,2.155800,2.189235,2.189235,2249001043
2021-10-05,2.189178,2.256643,2.181561,2.233124,2.233124,2090074822
2021-10-06,2.233087,2.250027,2.116876,2.212155,2.212155,2719301133
2021-10-07,2.210038,2.369656,2.153612,2.276995,2.276995,3265277489
2021-10-08,2.277983,2.309177,2.223705,2.237176,2.237176,1977478611
2021-10-09,2.234527,2.297457,2.221574,2.266615,2.266615,1953066446
2021-10-10,2.267288,2.276212,2.174145,2.197214,2.197214,2036732421
2021-10-11,2.191907,2.249355,2.122026,2.173389,2.173389,2386202338
2021-10-12,2.173525,2.173575,2.075584,2.119190,2.119190,3467823586
2021-10-13,2.119377,2.196761,2.089565,2.189053,2.189053,3088601173
2021-10-14,2.187248,2.221947,2.158867,2.170363,2.170363,2171800205
2021-10-15,2.172978,2.240569,2.139135,2.214651,2.214651,3419909583
2021-10-16,2.215554,2.247748,2.171732,2.177713,2.177713,2415050040
2021-10-17,2.177637,2.187675,2.096560,2.156963,2.156963,2044782419
2021-10-18,2.157833,2.169890,2.109943,2.128263,2.128263,2594342479
2021-10-19,2.128213,2.155572,2.096606,2.112962,2.112962,3071082063
2021-10-20,2.111303,2.206168,2.095114,2.185950,2.185950,3023618047
2021-10-21,2.189640,2.296410,2.134710,2.136591,2.136591,3967007331
2021-10-22,2.137513,2.208740,2.133419,2.154199,2.154199,2785878320
2021-10-23,2.156006,2.174763,2.134751,2.166815,2.166815,2115938187
2021-10-24,2.166816,2.169683,2.095419,2.123435,2.123435,2188895748
2021-10-25,2.119801,2.176252,2.115651,2.144066,2.144066,2398064828
2021-10-26,2.143916,2.199589,2.128982,2.138777,2.138777,2803084142
2021-10-27,2.137858,2.154367,1.833420,1.913237,1.913237,5058404282
2021-10-28,1.912248,2.054593,1.910781,1.988219,1.988219,4494724914
2021-10-29,1.987413,2.044696,1.982498,2.012187,2.012187,2884450462
2021-10-30,2.012207,2.016995,1.932392,1.957422,1.957422,2313950989
2021-10-31,1.955862,2.022236,1.923054,1.965026,1.965026,2446176744
2021-11-01,1.964962,2.015316,1.917960,1.950002,1.950002,2649338831
2021-11-02,1.949818,1.996540,1.934827,1.971377,1.971377,2459979881
2021-11-03,1.971404,2.144626,1.950845,2.063701,2.063701,4722705987
2021-11-04,2.064559,2.100966,1.956403,1.984882,1.984882,3301214469
2021-11-05,1.984745,2.018975,1.963668,1.986206,1.986206,2274851985
2021-11-06,1.985306,2.039940,1.946815,2.006609,2.006609,1883049324
2021-11-07,2.006963,2.036167,1.978159,2.021872,2.021872,1871914235
2021-11-08,2.021946,2.138435,2.011635,2.124419,2.124419,3157370460
2021-11-09,2.126183,2.375914,2.107469,2.273483,2.273483,7356647142
2021-11-10,2.268922,2.359522,1.944602,2.101802,2.101802,6436473948
2021-11-11,2.101769,2.152531,2.063564,2.085524,2.085524,3597674965
2021-11-12,2.082225,2.102994,1.994117,2.045766,2.045766,2818140241
2021-11-13,2.046191,2.079476,2.023658,2.053104,2.053104,2022529448
2021-11-14,2.052102,2.070042,2.012070,2.040853,2.040853,1527465250
2021-11-15,2.041248,2.094682,2.014811,2.015587,2.015587,1411134707
2021-11-16,2.021147,2.021147,1.786474,1.877235,1.877235,3400794601
2021-11-17,1.877808,1.893318,1.805297,1.875540,1.875540,2869765024
2021-11-18,1.876270,1.908513,1.710864,1.788331,1.788331,2511854943
2021-11-19,1.787225,1.894425,1.756623,1.864793,1.864793,1897885322
2021-11-20,1.864640,1.955915,1.860625,1.921736,1.921736,1632660169
2021-11-21,1.922869,1.922869,1.836332,1.839763,1.839763,1252654509
2021-11-22,1.838291,1.839811,1.759830,1.776555,1.776555,1581033619
2021-11-23,1.778283,1.817630,1.745127,1.750503,1.750503,1765447419
2021-11-24,1.751246,1.752388,1.594203,1.686423,1.686423,1983587289
2021-11-25,1.667261,1.748867,1.620885,1.651345,1.651345,3072612884
2021-11-26,1.676388,1.685440,1.502046,1.528420,1.528420,3011271612
2021-11-27,1.531957,1.585799,1.531957,1.546118,1.546118,1560548721
2021-11-28,1.546672,1.598509,1.433618,1.592855,1.592855,2236244253
2021-11-29,1.594501,1.636148,1.559918,1.602508,1.602508,1801591216
2021-11-30,1.602102,1.628403,1.549843,1.554903,1.554903,1814169292
2021-12-01,1.552819,1.622388,1.534562,1.547713,1.547713,1666236481
2021-12-02,1.547706,1.756863,1.521645,1.715366,1.715366,3716108059
2021-12-03,1.720719,1.728509,1.532564,1.556555,1.556555,2675040145
2021-12-04,1.558386,1.558615,1.205124,1.420706,1.420706,4076290725
2021-12-05,1.420609,1.436573,1.290549,1.378105,1.378105,3034823821
2021-12-06,1.379189,1.438994,1.257868,1.425393,1.425393,2642050277
2021-12-07,1.423189,1.477548,1.370552,1.381941,1.381941,2210387832
2021-12-08,1.380939,1.423688,1.343517,1.397074,1.397074,1764297116
2021-12-09,1.393739,1.407885,1.290440,1.290440,1.290440,1670588001
2021-12-10,1.291753,1.331853,1.210024,1.211689,1.211689,1721213997
2021-12-11,1.213407,1.362157,1.195143,1.354248,1.354248,1693932686
2021-12-12,1.352221,1.411960,1.321837,1.347282,1.347282,1473164555
2021-12-13,1.347895,1.357773,1.202574,1.225348,1.225348,1448791702
2021-12-14,1.224460,1.269876,1.201422,1.222835,1.222835,1596202685
2021-12-15,1.266263,1.329269,1.207161,1.311847,1.311847,1634066534
2021-12-16,1.311818,1.331010,1.236784,1.240534,1.240534,1293311594
2021-12-17,1.240744,1.258695,1.187881,1.219892,1.219892,1376131289
2021-12-18,1.220517,1.267222,1.201947,1.242534,1.242534,1057989368
2021-12-19,1.242394,1.309385,1.241757,1.244661,1.244661,1220196479
2021-12-20,1.243437,1.260699,1.202716,1.238240,1.238240,1365306484
2021-12-21,1.236419,1.289425,1.229115,1.280859,1.280859,1149078005
2021-12-22,1.280337,1.366798,1.278285,1.328041,1.328041,1528804985
2021-12-23,1.328843,1.489489,1.311121,1.474691,1.474691,2068524292
2021-12-24,1.473877,1.490347,1.383480,1.392367,1.392367,1337799712
2021-12-25,1.394186,1.460733,1.385219,1.453495,1.453495,1005403101
2021-12-26,1.453510,1.468327,1.410834,1.456045,1.456045,1111799397
2021-12-27,1.455838,1.590728,1.452088,1.512913,1.512913,1891237484
2021-12-28,1.515092,1.537979,1.381352,1.402264,1.402264,2111991275
2021-12-29,1.401962,1.436113,1.328470,1.330814,1.330814,1516774796
2021-12-30,1.332747,1.376474,1.300004,1.360415,1.360415,1292798472
2021-12-31,1.360470,1.379202,1.287365,1.310209,1.310209,1271633462
2022-01-01,1.310130,1.376975,1.309787,1.376975,1.376975,851279685
2022-01-02,1.377017,1.388755,1.346515,1.377584,1.377584,881893010
2022-01-03,1.377599,1.377599,1.315800,1.321637,1.321637,956659954
2022-01-04,1.321508,1.349682,1.299482,1.311658,1.311658,1014646349
2022-01-05,1.311944,1.350875,1.202679,1.236002,1.236002,1416139355
2022-01-06,1.235209,1.294576,1.193416,1.279782,1.279782,1559075484
2022-01-07,1.279917,1.282408,1.193237,1.211547,1.211547,1751707653
2022-01-08,1.211468,1.252670,1.138116,1.187512,1.187512,1499054949
2022-01-09,1.187693,1.204036,1.153479,1.173860,1.173860,1088569809
2022-01-10,1.173786,1.178859,1.080153,1.128052,1.128052,1481621292
2022-01-11,1.127857,1.193615,1.125648,1.185110,1.185110,1089929557
2022-01-12,1.185551,1.306346,1.185551,1.304535,1.304535,1651269250
2022-01-13,1.304656,1.350995,1.233161,1.233161,1.233161,2022506483
2022-01-14,1.233370,1.306503,1.227105,1.290926,1.290926,1855980787
2022-01-15,1.291089,1.315587,1.257258,1.296263,1.296263,967735764
2022-01-16,1.295933,1.420641,1.291159,1.407251,1.407251,2436680646
2022-01-17,1.408210,1.594131,1.390763,1.594131,1.594131,5285117130
2022-01-18,1.596480,1.631298,1.418237,1.465541,1.465541,4287066351
2022-01-19,1.464946,1.531111,1.331478,1.341757,1.341757,3304139176
2022-01-20,1.341654,1.423338,1.257876,1.258055,1.258055,1686210420
2022-01-21,1.258803,1.279778,1.109166,1.123233,1.123233,3009627794
2022-01-22,1.123079,1.152195,0.933397,1.066716,1.066716,3930474859
2022-01-23,1.067661,1.164873,1.056932,1.122371,1.122371,2362627205
2022-01-24,1.122782,1.124338,0.959124,1.066598,1.066598,3237316963
2022-01-25,1.066519,1.072024,0.998212,1.043574,1.043574,1766326155
2022-01-26,1.043620,1.149648,1.026486,1.079047,1.079047,2437592239
2022-01-27,1.078735,1.078735,1.009166,1.043533,1.043533,1519972359
2022-01-28,1.043234,1.058343,1.014096,1.050606,1.050606,1206550586
2022-01-29,1.050492,1.080614,1.041647,1.059570,1.059570,913122499
2022-01-30,1.059748,1.075346,1.028418,1.037473,1.037473,748084610
2022-01-31,1.037615,1.057604,1.012046,1.052303,1.052303,925666321
2022-02-01,1.052236,1.092317,1.037886,1.088624,1.088624,1130552843
2022-02-02,1.090309,1.100240,1.027750,1.028906,1.028906,1086043481
2022-02-03,1.028688,1.057225,1.019261,1.056444,1.056444,873675008
2022-02-04,1.056243,1.135624,1.047297,1.135624,1.135624,1178757518
2022-02-05,1.136061,1.172885,1.102618,1.127345,1.127345,1363912644
2022-02-06,1.127235,1.147803,1.103168,1.144547,1.144547,911521818
2022-02-07,1.144356,1.206854,1.128264,1.197307,1.197307,2107219347
2022-02-08,1.197650,1.257816,1.135913,1.178720,1.178720,2267265855
2022-02-09,1.177958,1.212157,1.154750,1.194810,1.194810,1239455609
2022-02-10,1.194636,1.218667,1.149182,1.152478,1.152478,1810255178
2022-02-11,1.152571,1.162573,1.072568,1.080347,1.080347,1395763170
2022-02-12,1.080511,1.091407,1.034717,1.058199,1.058199,1401190670
2022-02-13,1.058008,1.070944,1.035629,1.045819,1.045819,1066206015
2022-02-14,1.045469,1.052781,1.021529,1.050267,1.050267,1261583495
2022-02-15,1.050218,1.113366,1.050018,1.107586,1.107586,1370174980
2022-02-16,1.107631,1.110541,1.069289,1.084981,1.084981,1028924852
2022-02-17,1.084318,1.091512,1.012222,1.019895,1.019895,1093325576
2022-02-18,1.020223,1.041311,0.989473,0.997113,0.997113,1288743412
2022-02-19,0.997005,1.017854,0.977514,0.997703,0.997703,1104597763
2022-02-20,0.997629,0.997629,0.923295,0.932902,0.932902,1429017666
2022-02-21,0.932452,0.986247,0.857714,0.858236,0.858236,2072270994
2022-02-22,0.858130,0.893756,0.819990,0.889017,0.889017,2058499639
2022-02-23,0.888989,0.955431,0.869169,0.869169,0.869169,1824386011
2022-02-24,0.868515,0.882342,0.752810,0.853425,0.853425,3629367685
2022-02-25,0.853572,0.906541,0.829244,0.898027,0.898027,1652894219
2022-02-26,0.897996,0.928296,0.885401,0.887918,0.887918,1099934921
2022-02-27,0.887788,0.912676,0.840146,0.858335,0.858335,1278510571
2022-02-28,0.857870,0.967613,0.845040,0.959828,0.959828,1779202386
2022-03-01,0.959886,1.005403,0.944935,0.962346,0.962346,1778795527
2022-03-02,0.962425,0.973629,0.929062,0.938662,0.938662,1262681262
2022-03-03,0.938722,0.944079,0.886073,0.902659,0.902659,986233549
2022-03-04,0.902793,0.903050,0.830861,0.842889,0.842889,1115108721
2022-03-05,0.843175,0.880940,0.824839,0.865672,0.865672,734896311
2022-03-06,0.865688,0.870498,0.823004,0.823752,0.823752,670024869
2022-03-07,0.823738,0.845476,0.783291,0.797379,0.797379,1040234323
2022-03-08,0.797174,0.819148,0.790318,0.801250,0.801250,955952004
2022-03-09,0.801485,0.861431,0.801007,0.849293,0.849293,980869497
2022-03-10,0.849355,0.850576,0.791222,0.806316,0.806316,903650101
2022-03-11,0.806302,0.817147,0.785930,0.790125,0.790125,792395101
2022-03-12,0.790073,0.800801,0.789565,0.790674,0.790674,493606091
2022-03-13,0.790567,0.819025,0.783251,0.790995,0.790995,772035954
2022-03-14,0.790412,0.812075,0.781908,0.803917,0.803917,924771999
2022-03-15,0.803841,0.815622,0.785917,0.800006,0.800006,832137304
2022-03-16,0.800024,0.838632,0.795396,0.838374,0.838374,1233395707
2022-03-17,0.838362,0.855880,0.829930,0.836784,0.836784,909733920
2022-03-18,0.836657,0.858880,0.822879,0.853433,0.853433,792706852
2022-03-19,0.853274,0.912921,0.851972,0.901099,0.901099,1103521076
2022-03-20,0.901322,0.914603,0.865669,0.877092,0.877092,949951339
2022-03-21,0.877201,0.927599,0.865919,0.916782,0.916782,1233477886
2022-03-22,0.916888,0.985033,0.909592,0.976440,0.976440,1699537576
2022-03-23,0.976162,1.107482,0.959068,1.107482,1.107482,3447683427
2022-03-24,1.107204,1.185751,1.085422,1.130011,1.130011,3671006856
2022-03-25,1.130228,1.163815,1.075631,1.097888,1.097888,2232929187
2022-03-26,1.098015,1.157231,1.082272,1.150594,1.150594,1407171432
2022-03-27,1.151006,1.183395,1.108125,1.182148,1.182148,1322194562
2022-03-28,1.182334,1.242865,1.162468,1.170184,1.170184,2304056098
2022-03-29,1.169285,1.239358,1.169033,1.191112,1.191112,1761798381
2022-03-30,1.190980,1.216669,1.167608,1.190385,1.190385,1424442312
2022-03-31,1.190299,1.226320,1.137162,1.141851,1.141851,1745903089
2022-04-01,1.141952,1.172973,1.107619,1.165425,1.165425,1687785845
2022-04-02,1.165444,1.193844,1.151050,1.156007,1.156007,1224117012
2022-04-03,1.155909,1.198543,1.146687,1.185941,1.185941,976725814
2022-04-04,1.185800,1.240358,1.165493,1.212945,1.212945,2447778820
2022-04-05,1.213029,1.217393,1.167548,1.170801,1.170801,1188106135
2022-04-06,1.170792,1.171607,1.052379,1.052771,1.052771,1710318316
2022-04-07,1.053129,1.098469,1.045138,1.091894,1.091894,1139697598
2022-04-08,1.091632,1.097432,1.021370,1.026326,1.026326,926095649
2022-04-09,1.025912,1.045075,1.023790,1.045015,1.045015,640896639
2022-04-10,1.045012,1.068030,1.028757,1.030885,1.030885,626332866
2022-04-11,1.030671,1.030671,0.920116,0.920450,0.920450,1398303911
2022-04-12,0.920599,0.980855,0.920599,0.955145,0.955145,1076130201
2022-04-13,0.955122,0.978153,0.937400,0.974696,0.974696,791702878
2022-04-14,0.974569,0.983624,0.925471,0.932412,0.932412,812010499
2022-04-15,0.932529,0.957988,0.932474,0.954717,0.954717,574655010
2022-04-16,0.954704,0.961081,0.939852,0.952640,0.952640,468473785
2022-04-17,0.952531,0.961512,0.915346,0.917466,0.917466,528371933
2022-04-18,0.917509,0.937368,0.877736,0.936730,0.936730,1105222191
2022-04-19,0.936762,0.954662,0.928201,0.953333,0.953333,777142382
2022-04-20,0.953325,0.974735,0.932510,0.937341,0.937341,828312845
2022-04-21,0.937272,0.969453,0.896912,0.910474,0.910474,871111347
2022-04-22,0.910335,0.923741,0.893973,0.907154,0.907154,725788912
2022-04-23,0.907185,0.910614,0.884660,0.888503,0.888503,447997661
2022-04-24,0.888279,0.897855,0.881857,0.886350,0.886350,487629549
2022-04-25,0.886378,0.901707,0.830232,0.898695,0.898695,1139869029
2022-04-26,0.898577,0.901137,0.821011,0.827645,0.827645,1020049782
2022-04-27,0.827541,0.853942,0.822590,0.840595,0.840595,927312593
2022-04-28,0.840615,0.852062,0.827689,0.843950,0.843950,836357358
2022-04-29,0.843930,0.848700,0.793686,0.805043,0.805043,874797260
2022-04-30,0.805056,0.817048,0.742359,0.756660,0.756660,868001173
2022-05-01,0.756701,0.799425,0.749655,0.790344,0.790344,928448231
2022-05-02,0.790279,0.795818,0.766198,0.781529,0.781529,805325174
2022-05-03,0.781430,0.798589,0.762068,0.771145,0.771145,649650331
2022-05-04,0.771107,0.897661,0.769638,0.896942,0.896942,1516023155
2022-05-05,0.897061,0.904111,0.778141,0.791152,0.791152,1802128590
2022-05-06,0.791065,0.798315,0.765742,0.783359,0.783359,1312283636
2022-05-07,0.783352,0.785116,0.750657,0.761882,0.761882,801558914
2022-05-08,0.762053,0.763869,0.729272,0.739563,0.739563,1085127147
2022-05-09,0.739509,0.753233,0.610088,0.610088,0.610088,2306123277
2022-05-10,0.609972,0.698520,0.590688,0.628963,0.628963,2372592084
2022-05-11,0.628772,0.657571,0.484610,0.512800,0.512800,2692548110
2022-05-12,0.512999,0.545498,0.406529,0.473746,0.473746,2798263564
2022-05-13,0.473418,0.601088,0.469981,0.528877,0.528877,1946134960
2022-05-14,0.528942,0.554225,0.491435,0.539358,0.539358,1178703676
2022-05-15,0.539386,0.597884,0.516546,0.597500,0.597500,1090431332
2022-05-16,0.597569,0.608465,0.547812,0.556716,0.556716,1291715346
2022-05-17,0.556696,0.597886,0.554384,0.578077,0.578077,935138863
2022-05-18,0.578057,0.584499,0.505615,0.505615,0.505615,933793601
2022-05-19,0.505499,0.544249,0.495611,0.533321,0.533321,939230823
2022-05-20,0.533364,0.543411,0.503138,0.517907,0.517907,722609837
2022-05-21,0.517905,0.536390,0.511424,0.528314,0.528314,428041383
2022-05-22,0.528344,0.547017,0.523393,0.542618,0.542618,489742264
2022-05-23,0.542484,0.557805,0.509433,0.512605,0.512605,753004177
2022-05-24,0.512687,0.524259,0.495957,0.521224,0.521224,678125877
2022-05-25,0.521242,0.531462,0.508289,0.513877,0.513877,589015500
2022-05-26,0.513953,0.520108,0.466368,0.480883,0.480883,909554798
2022-05-27,0.480643,0.482871,0.447367,0.455507,0.455507,922413717
2022-05-28,0.458176,0.467449,0.449708,0.464764,0.464764,448858644
2022-05-29,0.464732,0.481841,0.457380,0.481126,0.481126,444269488
2022-05-30,0.481134,0.574956,0.478083,0.570073,0.570073,1185015742
2022-05-31,0.570000,0.682313,0.569636,0.625254,0.625254,3269050143
2022-06-01,0.625417,0.629977,0.540809,0.552750,0.552750,1404107650
2022-06-02,0.552636,0.595811,0.550444,0.587795,0.587795,1257661647
2022-06-03,0.587836,0.603290,0.541486,0.559658,0.559658,910186327
2022-06-04,0.559957,0.570570,0.548088,0.566069,0.566069,559861766
2022-06-05,0.566091,0.579553,0.556398,0.567090,0.567090,478128224
2022-06-06,0.567207,0.643452,0.566608,0.609328,0.609328,1417826128
2022-06-07,0.609340,0.641993,0.574847,0.615445,0.615445,1450579665
2022-06-08,0.615485,0.666099,0.610954,0.641614,0.641614,1636846100
2022-06-09,0.641649,0.655216,0.627746,0.632920,0.632920,1166081755
2022-06-10,0.632863,0.635083,0.573932,0.574216,0.574216,1170021356
2022-06-11,0.574268,0.613661,0.546497,0.552777,0.552777,1232257018
2022-06-12,0.552977,0.559930,0.496861,0.496861,0.496861,1474640183
2022-06-13,0.496100,0.496463,0.439206,0.463133,0.463133,2551895485
2022-06-14,0.463251,0.517403,0.438537,0.484386,0.484386,2241209963
2022-06-15,0.484160,0.536792,0.450104,0.533296,0.533296,2335125416
2022-06-16,0.533529,0.544017,0.469018,0.475022,0.475022,1226235066
2022-06-17,0.475183,0.502739,0.473478,0.487392,0.487392,872710309
2022-06-18,0.487367,0.494669,0.423419,0.456182,0.456182,1214101657
2022-06-19,0.455970,0.487226,0.437213,0.484364,0.484364,1050008285
2022-06-20,0.484403,0.507965,0.462886,0.492261,0.492261,1096263588
2022-06-21,0.492270,0.509728,0.477318,0.479204,0.479204,1018828248
2022-06-22,0.479506,0.480996,0.457943,0.458568,0.458568,818977392
2022-06-23,0.458652,0.482221,0.458040,0.480292,0.480292,711554788
2022-06-24,0.480199,0.508816,0.477045,0.499224,0.499224,945924412
2022-06-25,0.499233,0.506943,0.479517,0.498946,0.498946,649820170
2022-06-26,0.498876,0.524037,0.489426,0.489653,0.489653,842528877
2022-06-27,0.489558,0.507615,0.478620,0.485790,0.485790,709992597
2022-06-28,0.485571,0.496544,0.468228,0.469671,0.469671,724759074
2022-06-29,0.469673,0.475916,0.460463,0.465509,0.465509,769352065
2022-06-30,0.465602,0.466736,0.436185,0.458849,0.458849,903962268
2022-07-01,0.459312,0.470312,0.444410,0.448089,0.448089,796619668
2022-07-02,0.448180,0.460592,0.442332,0.456351,0.456351,494852064
2022-07-03,0.456321,0.458882,0.444546,0.455587,0.455587,439469536
2022-07-04,0.455612,0.473209,0.445301,0.469644,0.469644,808524892
2022-07-05,0.469569,0.470673,0.445440,0.457632,0.457632,766706338
2022-07-06,0.457668,0.464291,0.449115,0.462179,0.462179,622551308
2022-07-07,0.462210,0.481945,0.461557,0.477812,0.477812,619107061
2022-07-08,0.477817,0.490917,0.461916,0.467311,0.467311,827327238
2022-07-09,0.467290,0.484265,0.466491,0.478760,0.478760,666827059
2022-07-10,0.478771,0.479429,0.457067,0.463220,0.463220,612314122
2022-07-11,0.463181,0.463181,0.433865,0.435520,0.435520,737643033
2022-07-12,0.435581,0.440906,0.417435,0.417928,0.417928,707915451
2022-07-13,0.417881,0.439730,0.406437,0.438108,0.438108,977278539
2022-07-14,0.438057,0.444419,0.417741,0.441025,0.441025,861474952
2022-07-15,0.441115,0.451560,0.433968,0.442456,0.442456,739541229
2022-07-16,0.442445,0.457927,0.432458,0.457230,0.457230,653009372
2022-07-17,0.457318,0.465061,0.443790,0.447353,0.447353,695937971
2022-07-18,0.447415,0.497246,0.446383,0.492543,0.492543,1514608156
2022-07-19,0.492078,0.524594,0.474607,0.515768,0.515768,1558576681
2022-07-20,0.515801,0.546000,0.489268,0.491043,0.491043,1559480054
2022-07-21,0.491071,0.501448,0.477235,0.500098,0.500098,929201777
2022-07-22,0.500091,0.510643,0.478904,0.483946,0.483946,783147406
2022-07-23,0.483727,0.517532,0.475516,0.517368,0.517368,837188756
2022-07-24,0.517360,0.534074,0.510632,0.513814,0.513814,910596091
2022-07-25,0.513763,0.514812,0.476237,0.476250,0.476250,747132740
2022-07-26,0.476298,0.476604,0.452105,0.467607,0.467607,753266177
2022-07-27,0.467713,0.510553,0.459825,0.510553,0.510553,1108377917
2022-07-28,0.510580,0.522948,0.492112,0.513328,0.513328,1404871202
2022-07-29,0.513228,0.544084,0.508333,0.523335,0.523335,1601170272
2022-07-30,0.523219,0.551218,0.511981,0.525576,0.525576,1247885850
2022-07-31,0.525593,0.542536,0.514951,0.517020,0.517020,875157898
2022-08-01,0.517051,0.525733,0.502531,0.514123,0.514123,647889797
2022-08-02,0.513907,0.514610,0.490221,0.496833,0.496833,709947033
2022-08-03,0.496866,0.515743,0.490236,0.500988,0.500988,553477710
2022-08-04,0.500975,0.510420,0.494889,0.499668,0.499668,499753654
2022-08-05,0.499582,0.518427,0.499514,0.517503,0.517503,536832135
2022-08-06,0.517564,0.521468,0.511206,0.511256,0.511256,370884770
2022-08-07,0.511372,0.536664,0.507668,0.527470,0.527470,495713645
2022-08-08,0.527488,0.548407,0.523633,0.536596,0.536596,782794306
2022-08-09,0.536656,0.537085,0.507641,0.514052,0.514052,636681258
2022-08-10,0.513992,0.537886,0.504061,0.537093,0.537093,816259967
2022-08-11,0.537104,0.546598,0.529891,0.531258,0.531258,819277170
2022-08-12,0.531195,0.541442,0.522035,0.540753,0.540753,538287825
2022-08-13,0.540708,0.566392,0.538688,0.559813,0.559813,930190208
2022-08-14,0.559819,0.593898,0.557554,0.570343,0.570343,1180283864
2022-08-15,0.570386,0.581010,0.545605,0.551171,0.551171,876107175
2022-08-16,0.551004,0.569267,0.549157,0.557915,0.557915,734187541
2022-08-17,0.557921,0.579925,0.532967,0.537038,0.537038,1035477916
2022-08-18,0.537300,0.542983,0.511413,0.512633,0.512633,642877241
2022-08-19,0.512698,0.512698,0.449319,0.450980,0.450980,1294433367
2022-08-20,0.450875,0.462979,0.438870,0.451388,0.451388,792647751
2022-08-21,0.451266,0.472278,0.448482,0.463546,0.463546,616272980
2022-08-22,0.463536,0.463536,0.440015,0.461446,0.461446,722091304
2022-08-23,0.461483,0.468810,0.447805,0.465207,0.465207,562953519
2022-08-24,0.465182,0.466601,0.454518,0.458109,0.458109,494717036
2022-08-25,0.458108,0.473415,0.458041,0.464999,0.464999,525337287
2022-08-26,0.464959,0.481639,0.428157,0.430863,0.430863,1299179883
2022-08-27,0.431039,0.450795,0.428077,0.449703,0.449703,733099946
2022-08-28,0.449719,0.453401,0.430049,0.430049,0.430049,519341943
2022-08-29,0.430070,0.452049,0.427682,0.450703,0.450703,587946527
2022-08-30,0.450736,0.462546,0.440018,0.452169,0.452169,640051711
2022-08-31,0.452263,0.462779,0.446055,0.446665,0.446665,521553602
2022-09-01,0.446677,0.458502,0.442476,0.457481,0.457481,582859437
